"family","n_days","na_obs_pct","na_ens_pct","mean_theta_obs","mean_theta_ens","sd_theta_obs","sd_theta_ens","mean_tau_obs","mean_tau_ens","sd_tau_obs","sd_tau_ens","mean_diff_theta","mean_abs_diff_theta"
"Clayton",240,4.58333333333333,31.6666666666667,0.29582263256034,0.486445001922422,0.180176879798425,0.454177508995054,0.123743198540866,0.174415602476231,0.065646387396047,0.121022013340239,0.200968665858161,0.365476772064946
"Frank",240,7.08333333333333,39.5833333333333,1.10093453641937,1.60886122943527,0.627633514303858,1.29383027374958,0.119432737373689,0.165980632117585,0.0659694525226854,0.118405784477141,0.513598985726643,1.14889251358821
"Gumbel",240,0,7.91666666666667,1.15263225551053,1.21630322535862,0.0840326737762101,0.21155597171651,0.128054409625986,0.15828540550835,0.0603601303455553,0.116729768880919,0.0642892902612041,0.159422243290216
